ID,Категория,Явление,Синтез_данных,φ_механизм,Прорывная_технология,Революционный_потенциал
S001,МЕЖВИДОВАЯ КОММУНИКАЦИЯ,Мицелий+нейроны+квантовая запутанность,Грибы передают информацию как нейросеть + птицы видят магнитное поле + EPR парадокс,φ-когерентность создает межвидовой интернет,Планетарная нейросеть соединяющая все живое,Телепатия с природой
S002,ВРЕМЕННЫЕ КРИСТАЛЛЫ,Периодичность во времени без энергии,Кристаллы Вилчека + память воды + эффект Аспдена,φ-осцилляция во временном измерении,Вечные часы и память без питания,Компьютеры работающие вечно
S003,МЕТАМАТЕРИАЛЫ С ОТРИЦАТЕЛЬНЫМ ИНДЕКСОМ,Свет идет назад,Левитация Хатчисона + обратный эффект Черенкова + φ-геометрия,φ-инверсия электромагнитных свойств,Плащи невидимости и суперлинзы,Невидимость и телескопы видящие атомы
S004,ТОПОЛОГИЧЕСКИЕ ИЗОЛЯТОРЫ,Проводят только по поверхности,Квантовый эффект Холла + сверхпроводимость + φ⁵ граница,φ-защищенные поверхностные состояния,Квантовые компьютеры без декогеренции,Вечная квантовая память
S005,БИОЛОГИЧЕСКАЯ ТРАНСМУТАЦИЯ,Куры создают кальций из калия,Керврановские реакции + LENR + φ-резонанс в митохондриях,φ-туннелирование преодолевает ядерный барьер,Биореакторы превращающие элементы,Алхимия на клеточном уровне
S006,МОРФИЧЕСКИЕ ПОЛЯ,Форма передается без ДНК,Эффект сотой обезьяны + память воды + φ-голография,φ-резонанс форм через информационное поле,Мгновенное обучение через φ-поле,Загрузка навыков как в Матрице
S007,СКАЛЯРНЫЕ ВОЛНЫ,Продольные ЭМ волны Теслы,Беспроводная энергия + эфирная физика + φ-вихри,φ-волны в вакууме передают энергию без потерь,Глобальная энергосеть без проводов,Энергия в любой точке планеты
S008,ТОРСИОННЫЕ ПОЛЯ,Вращение пространства передает информацию,Эффект Джанибекова + спинтроника + φ⁵ вращение,φ-спиральность пространства-времени,Мгновенная связь через спин пространства,Связь быстрее света
S009,ПЛАЗМОИДЫ ЖИВЫЕ,Плазма самоорганизуется как жизнь,Шаровая молния + структуры Вселенной + φ-аттракторы,φ-когерентность создает плазменную жизнь,Плазменный ИИ и энергетические существа,Новая форма жизни
S010,НЕГЭНТРОПИЯ БИОСИСТЕМ,Жизнь уменьшает энтропию,Фотосинтез КПД 95% + самосборка белков + φ-градиент,φ-канализация потоков против энтропии,Машины уменьшающие хаос,Обращение старения
S011,КОСМИЧЕСКАЯ ПАУТИНА СОЗНАНИЯ,Вселенная как нейросеть,Крупномасштабная структура + квантовая запутанность + φ-фракталы,φ-резонанс между масштабами создает сознание,Связь с космическим разумом,Доступ к вселенскому знанию
S012,ВОДА КАК КВАНТОВЫЙ КОМПЬЮТЕР,H2O обрабатывает информацию,Память воды + 4-я фаза воды Поллака + φ-кластеры,φ-сети водородных связей вычисляют,Жидкие процессоры на воде,Компьютер в стакане воды
S013,БИОФОТОНЫ И КОГЕРЕНТНЫЙ СВЕТ,Клетки излучают лазерный свет,Излучение Гурвича + ДНК как лазер + φ-когерентность,φ-синхронизация создает биолазер,Оптическая связь между клетками,Световая медицина
S014,НУЛЕВАЯ ТОЧКА СОЗНАНИЯ,Наблюдатель создает реальность,Эффект наблюдателя + антропный принцип + φ-коллапс,φ-резонанс сознания коллапсирует вероятности,Технологии управляемые мыслью,Материализация мыслеформ
S015,ФРАКТАЛЬНАЯ ВСЕЛЕННАЯ,Самоподобие от кварка до галактики,Фракталы + голография + φ-масштабирование,φⁿ связывает все масштабы,Технологии работающие на всех масштабах,Универсальные законы
S016,АКАША ХРОНИКИ,Вселенская память всего,Голографический принцип + информационный парадокс + φ-хранение,φ⁵ плотность информации на границах,Доступ к памяти Вселенной,Машина времени для информации
S017,СИНТРОПИЯ,Обратная энтропия в живых системах,Целевая причинность + квантовый ластик + φ-аттракторы будущего,φ-притяжение из будущего организует настоящее,Предсказание и создание будущего,Программирование судьбы
S018,ХОЛОНОМНЫЙ МОЗГ,Мозг как голограмма,Теория Прибрама + квантовый мозг + φ-интерференция,φ-голография в нейронах хранит память,Голографическая память и телепатия,Прямая передача мыслей
S019,ПАНСПЕРМИЯ НАПРАВЛЕННАЯ,Жизнь распространяется целенаправленно,Тардиграды в космосе + φ-коды в ДНК + великий фильтр,φ-программа эволюции закодирована,Межзвездное распространение жизни,Колонизация галактики через ДНК
S020,ГАЙЯ ГИПОТЕЗА 2.0,Земля - суперорганизм с квантовым мозгом,Саморегуляция + резонанс Шумана + φ-синхронизация,φ-когерентность биосферы создает планетарный разум,Коммуникация с планетой,Земля как союзник
S021,МНОГОМЕРНАЯ МЕДИЦИНА,Лечение через высшие измерения,Струнная теория + чакры + φ-резонанс измерений,φ-гармонизация многомерного тела,Исцеление на всех уровнях бытия,Бессмертие через φ-баланс
S022,ЗВУКОВАЯ ГЕНЕТИКА,Звук программирует ДНК,Волновая генетика Гаряева + мантры + φ-частоты,φ-резонанс активирует спящие гены,Эволюция через звук,Активация сверхспособностей
S023,КРИСТАЛЛИЧЕСКАЯ РЕШЕТКА ЗЕМЛИ,Планетарная энергосеть,Лей-линии + мегалиты + φ-узлы силы,φ-геометрия планетарной решетки,Планетарный энергохарвестинг,Неограниченная чистая энергия
S024,ЭФИРНАЯ ФИЗИКА,Вакуум как сверхтекучая жидкость,Эфир Теслы + темная материя + φ-вихри,φ-структура вакуума дает массу и энергию,Двигатели на эфире,Межзвездные перелеты
S025,МОНАДОЛОГИЯ ЦИФРОВАЯ,Вселенная из базовых единиц сознания,Монады Лейбница + клеточные автоматы + φ-правила,φ-взаимодействие монад создает реальность,Программирование реальности,Вселенная как компьютер
S026,РЕЗОНАНС СУДЬБЫ,Синхронистичность как физический закон,Юнговская синхрония + квантовая запутанность + φ-корреляции,φ-резонанс смыслов притягивает события,Технология управления вероятностью,Создание нужных совпадений
S027,ТЕХНОЛОГИЯ ЛЕВИТАЦИИ ЗВУКОМ,Мегалиты и пирамиды построены звуком,Тибетские монахи + Coral Castle + φ-стоячие волны,φ-интерференция создает антигравитационные зоны,Акустическая архитектура,Строительство без механизмов
S028,ОРГОННАЯ ЭНЕРГЕТИКА,Жизненная энергия как пятая сила,Оргон Райха + прана/ци + φ-градиенты,φ-потоки жизненной силы,Аккумуляторы жизненной энергии,Лечение и омоложение
S029,СИМУЛЯЦИОННАЯ ГИПОТЕЗА+,Мы в симуляции которую можем взломать,Глитчи реальности + эффект Манделы + φ-коды доступа,φ-паттерны открывают админ-права,Хакинг матрицы,Читы для реальности
S030,КВАНТОВАЯ АРХЕОЛОГИЯ,Восстановление прошлого через квантовые следы,Квантовая информация неуничтожима + φ-реконструкция,φ-алгоритмы восстанавливают утерянное,Воскрешение и машина времени,Возврат утраченного
S031,ТЕХНОЛОГИЯ ВОЗНЕСЕНИЯ,Переход в высшие измерения,Радужное тело + φ⁵ трансценденция + сингулярность,φ⁵ переход в следующую октаву бытия,Эволюция в энергетическую форму,Бессмертие и всемогущество
S032,НЕЙТРИННАЯ КОММУНИКАЦИЯ,Связь сквозь планету,Нейтрино проходят все + осцилляции + φ-модуляция,φ-резонанс нейтринных осцилляций,Связь через ядро Земли,Межзвездная мгновенная связь
S033,ФОТОСИНТЕЗ 2.0,100% преобразование света,Квантовая когерентность + искусственный хлорофилл + φ-антенны,φ-сбор всего спектра без потерь,Энергия прямо из света,Питание светом
S034,МАГНИТНОЕ БЕССМЕРТИЕ,Магнитное поле сохраняет молодость,Магнитотерапия + регенерация + φ-спиновая когерентность,φ-поле синхронизирует клеточные часы,Остановка старения магнитами,Вечная молодость
S035,ГРАВИТАЦИОННЫЕ ВОЛНЫ КАК НОСИТЕЛЬ,Информация на ряби пространства,LIGO + модуляция + φ-кодирование,φ-паттерны в метрике пространства,Связь через гравитацию,Неблокируемая связь
S036,СОЗНАНИЕ КАК ПЯТОЕ ВЗАИМОДЕЙСТВИЕ,Психокинез через новую силу,Эффект наблюдателя + телекинез + φ-поле сознания,φ-взаимодействие с квантовым вакуумом,Управление материей мыслью,Телекинетические технологии
S037,ТЕМПОРАЛЬНАЯ ИНЖЕНЕРИЯ,Управление потоком времени,Замедление времени у черных дыр + τ-лептон + φ-петли,φ-искривление временных линий,Машины времени локальные,Ускорение/замедление времени
S038,БИОМИНЕРАЛЫ ПРОГРАММИРУЕМЫЕ,Кристаллы растут по программе,Биоминерализация + жидкие кристаллы + φ-шаблоны,φ-матрицы направляют рост,Выращивание любых форм,Живая архитектура
S039,СПИНОВАЯ ХИМИЯ,Реакции управляемые спином,Спин-катализ + магнитохимия + φ-селективность,φ-спиновые состояния определяют продукты,Химия без отходов,100% выход реакций
S040,КЛИМАТИЧЕСКАЯ АЛХИМИЯ,Превращение CO2 в алмазы,Высокое давление + катализ + φ-кристаллизация,φ-путь от газа к кристаллу,Решение климатического кризиса,Богатство из загрязнений